,id
26,4260232
27,4281104
28,4301865
29,4323613
30,4341190
31,4363425
32,4382218
33,4405141
34,4423362
35,4442237
36,4462654
37,4485646
38,4504128
39,4258774
40,4280582
41,4300630
42,4325875
43,4345730
44,4366469
45,4386253
46,4407217
47,4424680
48,4447056
49,4465112
50,4488109
51,4507522
52,4256069
53,4278258
54,4297311
55,4318966
56,4339842
57,4361078
58,4381074
59,4402184
60,4420975
61,4441016
62,4463484
63,4482649
64,4504238
65,4256043
66,4278267
67,4297993
68,4321038
69,4344740
70,4361487
71,4381832
72,4402866
73,4421789
74,4441814
75,4462117
76,4487188
77,4504808
97,4259679
98,4280890
99,4301091
100,4327850
101,4341131
102,4363056
103,4382617
104,4409070
105,4422980
106,4445480
107,4465516
108,4489939
109,4505139
110,4261776
111,4282808
112,4301504
113,4322011
114,4343768
115,4364748
116,4386005
117,4405392
118,4424555
119,4446702
120,4465715
121,4485005
122,4507273
123,4255997
124,4276765
125,4297936
126,4326289
127,4338947
128,4359688
129,4380090
130,4407531
131,4424198
132,4441772
133,4464511
134,4489563
135,4506809
136,4255365
137,4275826
138,4301896
139,4322149
140,4345373
141,4366871
142,4384744
143,4403571
144,4426157
145,4446972
146,4464639
147,4484165
148,4508772
161,4260980
162,4282376
163,4305860
164,4325018
165,4343887
166,4364736
167,4386325
168,4405031
169,4424578
170,4444973
171,4467145
172,4485722
173,4507097
174,4260076
175,4284321
176,4304869
177,4324071
178,4345811
179,4366467
180,4383765
181,4407161
182,4426380
183,4446167
184,4467525
185,4488472
186,4508593
187,4262646
188,4283357
189,4304479
190,4328298
191,4344938
192,4365884
193,4386006
194,4409588
195,4425583
196,4446119
197,4465994
198,4490644
199,4508202
200,4264798
201,4278060
202,4299015
203,4319662
204,4349481
205,4361626
206,4381919
207,4401204
208,4429836
209,4441893
210,4462248
211,4481620
212,4512699
213,4260133
214,4281269
215,4301248
216,4322055
217,4342414
218,4364271
219,4386676
220,4405351
221,4424115
222,4444359
223,4464473
224,4486111
225,4506255
226,4260053
227,4281176
228,4301720
229,4323263
230,4342264
231,4363600
232,4383777
233,4405377
234,4421706
235,4441733
236,4462239
237,4487541
238,4503640
251,4257287
252,4285618
253,4300513
254,4318643
255,4342271
256,4368161
257,4382205
258,4401789
259,4423541
260,4450208
261,4462577
262,4482228
263,4505389
264,4257323
265,4276849
266,4298865
267,4324123
268,4345563
269,4366821
270,4385135
271,4405522
272,4423529
273,4443901
274,4462767
275,4487645
276,4506404
277,4260212
278,4281374
279,4301831
280,4327574
281,4342308
282,4366279
283,4383653
284,4409667
285,4423521
286,4443759
287,4466335
288,4490793
289,4508837
290,4260328
291,4281129
292,4301676
293,4328404
294,4345536
295,4363711
296,4383830
297,4409976
298,4426261
299,4447029
300,4466455
301,4490764
302,4508584
303,4256518
304,4277324
305,4298928
306,4320013
307,4346903
308,4362164
309,4382362
310,4403249
311,4424482
312,4442352
313,4462742
314,4483773
315,4507125
316,4262286
317,4283903
318,4302924
319,4327156
320,4345220
321,4364953
322,4385766
323,4409228
324,4424307
325,4445805
326,4465781
327,4490314
328,4507569
329,4262522
330,4284015
331,4304496
332,4329158
333,4346733
334,4365796
335,4387574
336,4410760
337,4426925
338,4446068
339,4467325
340,4490658
341,4510241
342,4258582
343,4279628
344,4301071
345,4327440
346,4343330
347,4364236
348,4384158
349,4409552
350,4425562
351,4446241
352,4466007
353,4487485
354,4508872
387,4260164
388,4281192
389,4301633
390,4325947
391,4342441
392,4363214
393,4383587
394,4409983
395,4423322
396,4443556
397,4463789
398,4489510
399,4505537
400,4266891
401,4288227
402,4309277
403,4327135
404,4350159
405,4370726
406,4391363
407,4409862
408,4431761
409,4452879
410,4471594
411,4490800
412,4514790
413,4261224
414,4282858
415,4303384
416,4324073
417,4344013
418,4364980
419,4384980
420,4406814
421,4426097
422,4445214
423,4465172
424,4487634
425,4506920
426,4267087
427,4288704
428,4309286
429,4329635
430,4350641
431,4371239
432,4391302
433,4410860
434,4431438
435,4452079
436,4471555
437,4492276
438,4514064
439,4252380
440,4274281
441,4294846
442,4315604
443,4336481
444,4358864
445,4376850
446,4397776
447,4416815
448,4439017
449,4457866
450,4478277
451,4500297
466,4262185
467,4282701
468,4327896
469,4345234
470,4366820
471,4385291
472,4386502
473,4412598
474,4425604
475,4446038
476,4464160
477,4495689
478,4509553
491,4260295
492,4284353
493,4302617
494,4321785
495,4345561
496,4367802
497,4386618
498,4403663
499,4424866
500,4448445
501,4466482
502,4484998
503,4507601
504,4263044
505,4284481
506,4305971
507,4331082
508,4346457
509,4367394
510,4387415
511,4412702
512,4427220
513,4447507
514,4467174
515,4492407
516,4511692
517,4253996
518,4272526
519,4292052
520,4313365
521,4335669
522,4355889
523,4374987
524,4395379
525,4418219
526,4436621
527,4456404
528,4476283
529,4500291
530,4259748
531,4280503
532,4301623
533,4320683
534,4343263
535,4361919
536,4384653
537,4402794
538,4424226
539,4444083
540,4464671
541,4483335
542,4505321
543,4256788
544,4277610
545,4298685
546,4324341
547,4345075
548,4363076
549,4381722
550,4405437
551,4420960
552,4441833
553,4462110
554,4485544
555,4503625
556,4258319
557,4282387
558,4304125
559,4326736
560,4346382
561,4364997
562,4385598
563,4386449
564,4408448
565,4424930
566,4445139
567,4467723
568,4509858
603,4259728
604,4280459
605,4301453
606,4326278
607,4342151
608,4363068
609,4383311
610,4407520
611,4423016
612,4443292
613,4463541
614,4488443
615,4508139
622,4255983
623,4276785
624,4300080
625,4329643
626,4345422
627,4366630
628,4384942
629,4410371
630,4424728
631,4446617
632,4466615
633,4491382
634,4508225
647,4259888
648,4287480
649,4300185
650,4321453
651,4343379
652,4369612
653,4386619
654,4402944
655,4423522
656,4450784
657,4465251
658,4485324
659,4508783
660,4256050
661,4276775
662,4301033
663,4321340
664,4343221
665,4364242
666,4382723
667,4401742
668,4422804
669,4444371
670,4463116
671,4483701
672,4507072
673,4257016
674,4277901
675,4299375
676,4325993
677,4342368
678,4363244
679,4383801
680,4410019
681,4423347
682,4443592
683,4463776
684,4490215
685,4505489
686,4260163
687,4282762
688,4304164
689,4327519
690,4345053
691,4364857
692,4384970
693,4408690
694,4426630
695,4445225
696,4465116
697,4489512
698,4506967
711,4262812
712,4284826
713,4305172
714,4330767
715,4346719
716,4366586
717,4387400
718,4413391
719,4426254
720,4447549
721,4467184
722,4493949
723,4508595
724,4261296
725,4282435
726,4302871
727,4327017
728,4345273
729,4364239
730,4384584
731,4407126
732,4425655
733,4444533
734,4464504
735,4489519
736,4508754
737,4261200
738,4282235
739,4302897
740,4327065
741,4343367
742,4364420
743,4384750
744,4408383
745,4424238
746,4444559
747,4464646
748,4489665
749,4506472
750,4258853
751,4279343
752,4300205
753,4320012
754,4341305
755,4362114
756,4383668
757,4401871
758,4423456
759,4442903
760,4463325
761,4482309
762,4504923
763,4259826
764,4281404
765,4301600
766,4324442
767,4345143
768,4363139
769,4383383
770,4405811
771,4425722
772,4443328
773,4466114
774,4486446
775,4508193
790,4257200
791,4278181
792,4299144
793,4326240
794,4339832
795,4361636
796,4381047
797,4407534
798,4423050
799,4443386
800,4463482
801,4488393
802,4505278
803,4256089
804,4277805
805,4298396
806,4318747
807,4341248
808,4360456
809,4380759
810,4400299
811,4420803
812,4440818
813,4461271
814,4481590
815,4502834
816,4257489
817,4278359
818,4299387
819,4318961
820,4340738
821,4360304
822,4380813
823,4400506
824,4420705
825,4440758
826,4461227
827,4480880
828,4502768
829,4253878
830,4274379
831,4294714
832,4315881
833,4337856
834,4357606
835,4377187
836,4397829
837,4419072
838,4437259
839,4457878
840,4478285
841,4501169
842,4261156
843,4281793
844,4304064
845,4327085
846,4345255
847,4363935
848,4384201
849,4408386
850,4425871
851,4444689
852,4464638
853,4489639
854,4508285
855,4261514
856,4282879
857,4303324
858,4325251
859,4345709
860,4366416
861,4387102
862,4406644
863,4425827
864,4446273
865,4466437
866,4487477
867,4506824
868,4260081
869,4281498
870,4302720
871,4326302
872,4342158
873,4363249
874,4382278
875,4407631
876,4423507
877,4443783
878,4463692
879,4488451
880,4505335
881,4257444
882,4276779
883,4297373
884,4320399
885,4339570
886,4360459
887,4380761
888,4403209
889,4420666
890,4441810
891,4462129
892,4484081
893,4502771
894,4259520
895,4280474
896,4301552
897,4327176
898,4343394
899,4362710
900,4385622
901,4410951
902,4427685
903,4445811
904,4465788
905,4491992
906,4507614
931,4267629
932,4288972
933,4311112
934,4328020
935,4350933
936,4371423
937,4393052
938,4411794
939,4431995
940,4452328
941,4473295
942,4492624
943,4514975
944,4256973
945,4277877
946,4298942
947,4325998
948,4345542
949,4360474
950,4380913
951,4405553
952,4420807
953,4442904
954,4461298
955,4488216
956,4502846
957,4266382
958,4287592
959,4308674
960,4331912
961,4349624
962,4370161
963,4390690
964,4413523
965,4430533
966,4450965
967,4470840
968,4494877
969,4514721
970,4256400
971,4277080
972,4298303
973,4318661
974,4341203
975,4362099
976,4382222
977,4400217
978,4420747
979,4440781
980,4461260
981,4480597
982,4502729
983,4262297
984,4283600
985,4306030
986,4331332
987,4347790
988,4366588
989,4386529
990,4415494
991,4428583
992,4448966
993,4468731
994,4491556
995,4509372
996,4257242
997,4279726
998,4303349
999,4324999
1000,4345011
1001,4360698
1002,4381051
1003,4407093
1004,4422546
1005,4443198
1006,4464662
1007,4488388
1008,4505269
1009,4255065
1010,4275817
1011,4297167
1012,4321717
1013,4338054
1014,4358908
1015,4379468
1016,4379431
1017,4402082
1018,4420139
1019,4460127
1020,4482578
1021,4502212
1022,4257569
1023,4277837
1024,4298963
1025,4325935
1026,4339686
1027,4360469
1028,4380834
1029,4407292
1030,4420778
1031,4440861
1032,4461286
1033,4490954
1034,4508578
1035,4264795
1036,4279941
1037,4301288
1038,4321478
1039,4349165
1040,4364630
1041,4382409
1042,4400914
1043,4428142
1044,4445231
1045,4462744
1046,4482361
1047,4509921
1048,4266165
1049,4290274
1050,4308350
1051,4326401
1052,4349427
1053,4374780
1054,4390437
1055,4407159
1056,4430309
1057,4453324
1058,4470603
1059,4488059
1060,4514781
1061,4257309
1062,4278410
1063,4299326
1064,4320318
1065,4342291
1066,4360393
1067,4383549
1068,4401829
1069,4423243
1070,4443620
1071,4463701
1072,4482278
1073,4505020
1074,4260369
1075,4281373
1076,4305183
1077,4322507
1078,4345925
1079,4366184
1080,4383816
1081,4404064
1082,4423422
1083,4442965
1084,4463828
1085,4484169
1086,4508887
1087,4258843
1088,4279934
1089,4300218
1090,4325475
1091,4343347
1092,4362102
1093,4382882
1094,4406888
1095,4422288
1096,4441871
1097,4465199
1098,4487691
1099,4504357
1100,4268081
1101,4288045
1102,4309099
1103,4331677
1104,4352088
1105,4372029
1106,4390489
1107,4414446
1108,4431980
1109,4452913
1110,4470689
1111,4495784
1112,4514250
1113,4258353
1114,4272586
1115,4293835
1116,4313455
1117,4343374
1118,4355757
1119,4376237
1120,4395232
1121,4420788
1122,4436507
1123,4456835
1124,4476330
1125,4504904
1126,4261229
1127,4283011
1128,4302931
1129,4327979
1130,4346425
1131,4367308
1132,4387324
1133,4409238
1134,4427183
1135,4447496
1136,4467129
1137,4491997
1138,4509265
1153,4257398
1154,4280122
1155,4298888
1156,4319994
1157,4339280
1158,4360068
1159,4382331
1160,4401500
1161,4421805
1162,4442332
1163,4462719
1164,4481898
1165,4504900
1166,4255799
1167,4276538
1168,4297703
1169,4318440
1170,4338652
1171,4361149
1172,4381410
1173,4400867
1174,4421368
1175,4441458
1176,4461866
1177,4481293
1178,4503413
1179,4259831
1180,4284656
1181,4305403
1182,4327892
1183,4345142
1184,4366859
1185,4386765
1186,4410035
1187,4423397
1188,4446908
1189,4466525
1190,4490024
1191,4508478
1192,4260267
1193,4281244
1194,4304770
1195,4329740
1196,4345646
1197,4366189
1198,4385181
1199,4408797
1200,4426485
1201,4446682
1202,4465272
1203,4489735
1204,4507042
1205,4260368
1206,4279277
1207,4300146
1208,4322589
1209,4341270
1210,4361609
1211,4382338
1212,4403666
1213,4423611
1214,4442308
1215,4462712
1216,4483740
1217,4504330
1232,4261747
1233,4282316
1234,4302893
1235,4323284
1236,4346245
1237,4367245
1238,4385529
1239,4404721
1240,4424245
1241,4444557
1242,4464642
1243,4485284
1244,4506549
1245,4263221
1246,4283360
1247,4305050
1248,4331579
1249,4346785
1250,4366676
1251,4388710
1252,4413281
1253,4428397
1254,4448819
1255,4468606
1256,4491990
1257,4509916
1258,4260742
1259,4281021
1260,4309361
1261,4321770
1262,4345569
1263,4366352
1264,4391143
1265,4403241
1266,4425473
1267,4446569
1268,4471340
1269,4483735
1270,4508688
1281,4258351
1282,4281501
1283,4302942
1284,4325952
1285,4342455
1286,4365004
1287,4383068
1288,4407324
1289,4424811
1290,4445199
1291,4465257
1292,4490307
1293,4504906
1294,4260540
1295,4284652
1296,4304213
1297,4324962
1298,4346323
1299,4367179
1300,4386735
1301,4406401
1302,4427034
1303,4447277
1304,4467547
1305,4487166
1306,4509698
1307,4262348
1308,4283986
1309,4303353
1310,4327469
1311,4343841
1312,4364995
1313,4384891
1314,4406681
1315,4425563
1316,4444987
1317,4465022
1318,4487605
1319,4506813
1320,4260235
1321,4281117
1322,4301921
1323,4323698
1324,4345452
1325,4361882
1326,4382408
1327,4404963
1328,4422054
1329,4442074
1330,4462501
1331,4485487
1332,4504017
1333,4262315
1334,4280466
1335,4303482
1336,4328004
1337,4345398
1338,4366251
1339,4386751
1340,4408804
1341,4426726
1342,4446903
1343,4467186
1344,4488217
1345,4507677
1358,4261275
1359,4284231
1360,4304121
1361,4330162
1362,4349473
1363,4365637
1364,4386682
1365,4411649
1366,4426329
1367,4446832
1368,4466446
1369,4488191
1370,4508822
1399,4256799
1400,4277722
1401,4298683
1402,4320306
1403,4339537
1404,4360260
1405,4380643
1406,4401759
1407,4420669
1408,4442763
1409,4463061
1410,4484047
1411,4504781
1412,4258695
1413,4279773
1414,4301170
1415,4327497
1416,4346204
1417,4364867
1418,4382664
1419,4408741
1420,4424165
1421,4444477
1422,4465592
1423,4490140
1424,4506953
1439,4258708
1440,4282794
1441,4303366
1442,4323253
1443,4343856
1444,4364946
1445,4385515
1446,4406812
1447,4424674
1448,4449950
1449,4469956
1450,4485617
1451,4508188
1494,4260355
1495,4281062
1496,4301881
1497,4321405
1498,4341272
1499,4367325
1500,4387306
1501,4408791
1502,4426432
1503,4446500
1504,4466574
1505,4485009
1506,4508793
1525,4261733
1526,4283005
1527,4303536
1528,4327995
1529,4345476
1530,4365028
1531,4386707
1532,4409945
1533,4426274
1534,4446502
1535,4466584
1536,4490240
1537,4509895
1603,4260346
1604,4284224
1605,4305052
1606,4323331
1607,4345573
1608,4366512
1609,4386477
1610,4404796
1611,4427495
1612,4446503
1613,4467628
1614,4487263
1615,4506568
1616,4265853
1617,4286296
1618,4307765
1619,4326124
1620,4349692
1621,4369566
1622,4389750
1623,4406712
1624,4431245
1625,4450476
1626,4470630
1627,4488120
1628,4514142
1669,4260238
1670,4284449
1671,4301930
1672,4321817
1673,4345456
1674,4366185
1675,4385067
1676,4403321
1677,4426188
1678,4446683
1679,4466302
1680,4483392
1681,4508378
1760,4262845
1761,4288450
1762,4304356
1763,4321346
1764,4345018
1765,4371174
1766,4386245
1767,4403956
1768,4426586
1769,4452016
1770,4466301
1771,4485965
1772,4508744
1773,4263225
1774,4284280
1775,4304606
1776,4327438
1777,4345455
1778,4367226
1779,4384126
1780,4409502
1781,4426099
1782,4446588
1783,4466310
1784,4490937
1785,4508499
1798,4258636
1799,4280348
1800,4301075
1801,4323998
1802,4348084
1803,4363069
1804,4382735
1805,4405318
1806,4422468
1807,4442787
1808,4463102
1809,4485905
1810,4504752
1811,4263287
1812,4281120
1813,4301657
1814,4322019
1815,4345277
1816,4366869
1817,4386242
1818,4403526
1819,4425878
1820,4446645
1821,4466439
1822,4484087
1823,4507993
1824,4258627
1825,4282121
1826,4302735
1827,4321245
1828,4342779
1829,4362492
1830,4383134
1831,4402751
1832,4423022
1833,4444456
1834,4465049
1835,4483283
1836,4504643
1858,4259986
1859,4281040
1860,4301638
1861,4324177
1862,4345558
1863,4366580
1864,4386687
1865,4407252
1866,4426444
1867,4447961
1868,4467745
1869,4487282
1870,4511003
1871,4260583
1872,4276437
1873,4297630
1874,4318044
1875,4342714
1876,4359393
1877,4381329
1878,4399684
1879,4423766
1880,4441435
1881,4461911
1882,4481325
1883,4509350
1884,4255377
1885,4275867
1886,4296892
1887,4318761
1888,4339638
1889,4360038
1890,4380127
1891,4401171
1892,4420401
1893,4440488
1894,4461252
1895,4480666
1896,4502511
